,min_salary,max_salary,med_salary,range_salary,company_name,rating,location,headquarters,python,tensorflow,pytorch,mlops,ci_cd,data_cleaning,tableau,power_bi,big_data
0,137,171,154,34,Healthfirst,3.1,"New York, NY","New York, NY",0,0,0,0,0,0,0,0,0
1,137,171,154,34,ManTech,4.2,"Chantilly, VA","Herndon, VA",0,0,0,0,0,0,0,0,1
2,137,171,154,34,Analysis Group,3.8,"Boston, MA","Boston, MA",1,0,0,0,0,0,0,0,0
3,137,171,154,34,INFICON,3.5,"Newton, MA","Bad Ragaz, Switzerland",1,1,1,0,0,0,0,0,0
4,137,171,154,34,Affinity Solutions,2.9,"New York, NY","New York, NY",1,0,0,0,0,0,0,0,0
5,137,171,154,34,HG Insights,4.2,"Santa Barbara, CA","Santa Barbara, CA",1,1,0,0,0,0,0,0,0
6,137,171,154,34,Novartis,3.9,"Cambridge, MA","Basel, Switzerland",1,0,1,0,0,0,0,0,0
7,137,171,154,34,iRobot,3.5,"Bedford, MA","Bedford, MA",1,0,0,0,0,0,0,0,0
8,137,171,154,34,Intuit - Data,4.4,"San Diego, CA","Mountain View, CA",0,0,0,0,0,0,0,0,0
9,137,171,154,34,XSELL Technologies,3.6,"Chicago, IL","Chicago, IL",1,1,1,0,0,0,0,0,0
10,137,171,154,34,Novetta,4.5,"Herndon, VA","Mc Lean, VA",1,1,0,0,0,0,0,0,0
11,137,171,154,34,1904labs,4.7,"Saint Louis, MO","Saint Louis, MO",1,1,0,0,0,0,0,0,0
12,137,171,154,34,PNNL,3.7,"Richland, WA","Richland, WA",0,0,0,0,0,0,0,0,0
13,137,171,154,34,Old World Industries,3.1,"Northbrook, IL","Northbrook, IL",1,0,0,0,0,0,1,0,0
14,137,171,154,34,Mathematica Policy Research,3.4,"Washington, DC","Princeton, NJ",1,0,0,0,0,0,0,0,0
15,137,171,154,34,Guzman & Griffin Technologies (GGTI),4.4,"Washington, DC","Mays Landing, NJ",1,1,0,0,0,0,1,0,0
16,137,171,154,34,Upside Business Travel,4.1,Remote,"Washington, DC",1,1,1,0,0,0,0,0,0
17,137,171,154,34,Buckman,3.5,"Memphis, TN","Memphis, TN",1,0,0,0,0,0,0,0,0
18,137,171,154,34,"Insight Enterprises, Inc.",4.2,"Plano, TX","Tempe, AZ",0,0,0,0,0,0,0,0,0
19,137,171,154,34,Tower Health,3.5,"West Grove, PA","Reading, PA",0,0,0,0,0,0,0,0,0
20,137,171,154,34,Triplebyte,3.2,"New York, NY","San Francisco, CA",0,0,0,0,0,0,0,0,0
21,137,171,154,34,PulsePoint,4.3,"New York, NY","New York, NY",1,0,0,0,0,0,0,0,1
22,137,171,154,34,Exponent,3.5,"Phoenix, AZ","Menlo Park, CA",0,0,0,0,0,0,0,0,0
23,137,171,154,34,Guardian Life,3.5,"Appleton, WI","New York, NY",0,0,0,0,0,0,0,0,0
24,137,171,154,34,Spectrum Communications and Consulting,3.4,"Chicago, IL","Chicago, IL",0,0,0,0,0,1,0,0,0
25,137,171,154,34,Oversight Systems,4.7,"Atlanta, GA","Atlanta, GA",1,0,1,0,0,0,0,0,0
26,137,171,154,34,LSQ,4.2,"Orlando, FL","Orlando, FL",1,1,0,0,0,0,1,1,1
27,137,171,154,34,MIT Lincoln Laboratory,3.8,"Lexington, MA","Lexington, MA",1,0,0,0,0,0,0,0,1
28,137,171,154,34,Kingfisher Systems,4.5,"McLean, VA","Falls Church, VA",1,0,0,0,0,0,1,0,0
29,137,171,154,34,Formation,2.8,"San Francisco, CA","San Francisco, CA",0,1,0,0,0,0,0,0,1
30,75,131,103,56,Analysis Group,3.8,"Boston, MA","Boston, MA",1,0,0,0,0,0,0,0,0
31,75,131,103,56,Novartis,3.9,"Cambridge, MA","Basel, Switzerland",1,0,1,0,0,0,0,0,0
32,75,131,103,56,Cohere Health,5.0,"Boston, MA","Boston, MA",1,0,0,0,0,0,0,0,0
33,75,131,103,56,Acuity Insurance,4.8,"Sheboygan, WI","Sheboygan, WI",0,0,0,0,0,0,0,0,0
34,75,131,103,56,Chef,3.6,United States,"Seattle, WA",0,0,0,0,0,0,0,0,1
35,75,131,103,56,Puget Sound Energy,3.3,"Bothell, WA","Bellevue, WA",0,0,0,0,0,0,0,0,0
36,75,131,103,56,Sandhills Global,2.7,"Lincoln, NE","Lincoln, NE",1,0,0,0,0,0,1,1,0
37,75,131,103,56,A Place for Mom,2.7,"Overland Park, KS","New York, NY",1,0,0,0,0,0,0,0,0
38,75,131,103,56,Great-Circle Technologies,2.2,"Chantilly, VA","Chantilly, VA",1,0,0,0,0,0,0,0,0
39,75,131,103,56,Edmunds.com,3.4,"Santa Monica, CA","Santa Monica, CA",1,0,0,0,0,0,1,0,0
40,75,131,103,56,"Cambridge Associates, LLC",3.1,"Boston, MA","Boston, MA",1,0,0,0,0,0,0,0,0
41,75,131,103,56,Liberty Mutual Insurance,3.4,"Portsmouth, NH","Boston, MA",1,0,0,0,1,0,0,0,1
42,75,131,103,56,Cenlar,2.6,"Ewing, NJ","Ewing, NJ",0,0,0,0,0,0,0,0,0
43,75,131,103,56,Arsenal Biosciences,5.0,"South San Francisco, CA","South San Francisco, CA",0,0,0,0,0,0,0,0,0
44,75,131,103,56,Eversight,4.2,"Palo Alto, CA","Palo Alto, CA",1,0,0,0,0,0,0,0,0
45,75,131,103,56,Pfizer,4.1,"Cambridge, MA","New York, NY",1,1,1,0,0,0,0,0,0
46,75,131,103,56,Klaviyo,4.8,"Boston, MA","Boston, MA",0,0,0,0,0,0,0,0,0
47,75,131,103,56,Intellectual Ventures,3.3,"Bellevue, WA","Bellevue, WA",1,0,0,0,0,0,0,0,0
48,75,131,103,56,GovTech,3.7,"San Francisco, CA","Singapore, Singapore",1,0,0,0,0,1,1,0,0
49,75,131,103,56,Quick Base,4.3,"Cambridge, MA","Cambridge, MA",1,0,0,0,0,0,1,1,0
50,75,131,103,56,Giving Assistant,4.8,"San Francisco, CA","San Francisco, CA",1,0,0,0,0,0,1,0,0
51,75,131,103,56,Takeda,3.7,"Cambridge, MA","OSAKA, Japan",1,1,0,0,0,0,0,0,0
52,75,131,103,56,Netskope,4.0,"San Francisco, CA","Santa Clara, CA",1,1,0,0,0,0,0,0,1
53,75,131,103,56,IT Concepts,4.8,Remote,"Vienna, VA",0,0,0,0,0,0,0,0,0
54,75,131,103,56,iSeatz,3.5,"New Orleans, LA","New Orleans, LA",0,0,0,0,0,0,0,0,0
55,75,131,103,56,Summa Health System,3.7,"Akron, OH","Akron, OH",0,0,0,0,0,0,1,0,0
56,75,131,103,56,Benson Hill,3.5,"Saint Louis, MO","Saint Louis, MO",1,0,0,0,0,0,0,0,1
57,75,131,103,56,Twitter,4.1,"San Francisco, CA","San Francisco, CA",1,0,0,0,0,0,0,0,0
58,75,131,103,56,Postmates - Corporate HQ,3.2,"San Francisco, CA","San Francisco, CA",1,1,1,0,0,0,0,0,0
59,75,131,103,56,Envision LLC,4.5,"Saint Louis, MO","Saint Louis, MO",1,0,0,0,0,0,0,0,0
60,75,131,103,56,Swiss Re,3.8,"Fort Wayne, IN","Zurich, Switzerland",1,0,0,0,0,0,0,0,0
61,75,131,103,56,Systems & Technology Research,4.5,"Woburn, MA","Woburn, MA",1,0,0,0,0,0,0,0,0
62,79,131,105,52,iRobot,3.5,"Bedford, MA","Bedford, MA",1,0,0,0,0,0,0,0,0
63,79,131,105,52,HG Insights,4.2,"Santa Barbara, CA","Santa Barbara, CA",1,1,0,0,0,0,0,0,0
64,79,131,105,52,Dermalogica,3.8,"Carson, CA","Carson, CA",0,0,0,0,0,0,1,1,0
65,79,131,105,52,Bayview Asset Management,3.7,"Coral Gables, FL","Coral Gables, FL",1,0,0,0,0,1,0,0,0
66,79,131,105,52,Via Transportation,3.7,"New York, NY","New York, NY",1,0,0,0,0,0,1,0,0
67,79,131,105,52,Grid Dynamics,4.0,"Santa Clara, CA","San Ramon, CA",1,0,0,0,0,0,1,0,1
68,79,131,105,52,Tempus Labs,3.3,"Chicago, IL","Chicago, IL",1,1,1,0,0,0,0,0,0
69,79,131,105,52,CareDx,2.5,"Brisbane, CA","Brisbane, CA",1,1,1,0,0,0,0,0,0
70,79,131,105,52,IZEA,4.2,"Winter Park, FL","Winter Park, FL",1,0,0,0,1,0,0,0,0
71,79,131,105,52,Tempus Labs,3.3,"Redwood City, CA","Chicago, IL",1,0,0,0,0,0,0,0,0
72,79,131,105,52,Autodesk,4.0,"San Francisco, CA","San Rafael, CA",1,0,0,0,0,0,0,0,1
73,79,131,105,52,Caterpillar,3.7,"Peoria, IL","Deerfield, IL",0,0,0,0,0,0,1,0,0
74,79,131,105,52,New England Biolabs,4.9,"Ipswich, MA","Ipswich, MA",0,0,0,0,0,0,0,0,0
75,79,131,105,52,Allied Solutions,3.4,"Carmel, IN","Carmel, IN",1,0,0,0,0,0,1,0,0
76,79,131,105,52,Healthfirst,3.1,"New York, NY","New York, NY",1,0,0,0,0,0,0,0,1
77,79,131,105,52,The Knot Worldwide,3.5,"Washington, DC","Chevy Chase, MD",1,0,0,0,0,0,0,0,0
78,79,131,105,52,IFG Companies,2.9,"New York, NY","Hartford, CT",1,0,0,0,0,1,0,0,0
79,79,131,105,52,Amyris,3.3,"Emeryville, CA","Emeryville, CA",1,0,0,0,1,0,0,0,0
80,79,131,105,52,AstraZeneca,4.0,"Gaithersburg, MD","Cambridge, United Kingdom",1,0,0,0,0,0,0,0,0
81,79,131,105,52,Powertek,3.6,"Washington, DC","Rockville, MD",0,0,0,0,0,0,0,0,0
82,79,131,105,52,Object Partners,4.7,"Saint Louis, MO","Minneapolis, MN",0,0,0,0,1,0,0,0,1
83,79,131,105,52,The Mom Project,4.9,"Longmont, CO","Chicago, IL",1,1,0,0,0,0,0,0,0
84,79,131,105,52,Lightspeed Systems,4.3,"Austin, TX","Austin, TX",1,1,0,0,0,0,0,0,0
85,79,131,105,52,Stripe,4.0,"San Francisco, CA","San Francisco, CA",1,0,0,0,0,0,0,0,0
86,79,131,105,52,Comprehensive Healthcare,2.6,"Yakima, WA","Yakima, WA",0,0,0,0,0,0,0,0,0
87,79,131,105,52,"Fullpower Technologies, Inc.",4.5,"Santa Cruz, CA","Santa Cruz, CA",1,1,1,0,0,0,0,0,1
88,79,131,105,52,Klaviyo,4.8,"Boston, MA","Boston, MA",1,0,0,0,0,0,0,0,0
89,79,131,105,52,Mars,3.9,United States,"Mc Lean, VA",1,0,0,0,0,0,0,0,0
90,79,131,105,52,AstraZeneca,4.0,"Gaithersburg, MD","Cambridge, United Kingdom",1,0,0,0,0,0,0,0,0
91,79,131,105,52,NuWave Solutions,4.4,"Springfield, VA","Mc Lean, VA",1,0,0,0,0,0,0,0,0
92,79,131,105,52,ManTech,4.2,"Alexandria, VA","Herndon, VA",1,0,0,0,0,0,1,0,1
93,79,131,105,52,Merrick Bank,3.6,Utah,"South Jordan, UT",1,0,0,0,0,0,0,0,0
94,99,132,115,33,Mathematica Policy Research,3.4,"Washington, DC","Princeton, NJ",1,0,0,0,0,0,0,0,0
95,99,132,115,33,Intuit - Data,4.4,"San Diego, CA","Mountain View, CA",0,0,0,0,0,0,0,0,0
96,99,132,115,33,QOMPLX,3.5,"Reston, VA","Reston, VA",1,0,0,1,0,0,0,0,0
97,99,132,115,33,Mars,3.9,"New York, NY","Mc Lean, VA",1,0,0,0,0,0,0,0,0
98,99,132,115,33,GutCheck,3.8,"Denver, CO","Denver, CO",0,1,0,0,0,0,0,0,0
99,99,132,115,33,Inter-American Development Bank,3.5,"Washington, DC","Washington, DC",0,0,0,0,0,0,1,0,0
100,99,132,115,33,Avlino,4.9,New Jersey,"Holmdel, NJ",1,1,0,0,0,0,0,0,1
101,99,132,115,33,Stratagem Group,4.4,"Aurora, CO","Aurora, CO",1,1,0,0,0,0,0,0,0
102,99,132,115,33,Evidation,4.1,"Santa Barbara, CA","San Mateo, CA",1,1,0,0,0,0,0,0,0
103,99,132,115,33,Autodesk,4.0,"San Francisco, CA","San Rafael, CA",1,1,0,0,0,0,0,0,1
104,99,132,115,33,Intuit - Data,4.4,"San Diego, CA","Mountain View, CA",0,0,0,0,0,0,0,0,0
105,99,132,115,33,Tecolote Research,3.8,"Hill AFB, UT","Goleta, CA",1,0,0,0,0,0,1,1,0
106,99,132,115,33,Tivity Health,3.2,"Chandler, AZ","Franklin, TN",0,0,0,0,0,0,0,0,1
107,99,132,115,33,hc1,2.9,"Indianapolis, IN","Indianapolis, IN",1,0,0,0,0,1,0,0,0
108,99,132,115,33,HP Inc.,4.1,"San Diego, CA","Palo Alto, CA",1,0,0,0,0,0,0,0,1
109,99,132,115,33,SAIC,3.7,"Chantilly, VA","Reston, VA",1,0,0,0,0,0,0,0,0
110,99,132,115,33,AllianceBernstein,3.2,"Nashville, TN","New York, NY",0,0,0,0,0,0,0,0,0
111,99,132,115,33,Big Huge Games,4.9,"Timonium, MD","Lutherville Timonium, MD",0,0,0,0,0,0,1,0,0
112,99,132,115,33,Maxar Technologies,3.5,"Herndon, VA","Westminster, CO",1,0,0,0,0,0,0,0,1
113,99,132,115,33,Phantom AI,5.0,"Burlingame, CA","Burlingame, CA",1,0,0,0,0,0,0,0,0
114,99,132,115,33,Noblis,4.0,"Reston, VA","Reston, VA",1,1,0,0,0,0,1,0,0
115,99,132,115,33,Spring Health,3.6,"New York, NY","New York, NY",1,0,0,0,0,0,0,0,0
116,99,132,115,33,ClearEdge,4.0,"Annapolis Junction, MD","Annapolis Junction, MD",1,1,0,0,0,0,0,0,1
117,99,132,115,33,AllianceBernstein,3.2,"Nashville, TN","New York, NY",1,0,0,0,1,0,0,0,0
118,99,132,115,33,Arsenal Biosciences,5.0,"South San Francisco, CA","South San Francisco, CA",0,0,0,0,0,0,0,0,0
119,99,132,115,33,GetWellNetwork,4.8,"Bethesda, MD","Bethesda, MD",1,0,0,0,0,0,0,0,0
120,99,132,115,33,TACG Solutions,4.5,"Dayton, OH","Beavercreek, OH",1,0,0,0,0,0,1,0,0
121,99,132,115,33,Scoop,4.7,"San Francisco, CA","San Francisco, CA",1,0,0,0,0,0,0,0,0
122,99,132,115,33,Novetta,4.5,"Herndon, VA","Mc Lean, VA",1,1,0,0,0,0,0,0,0
123,99,132,115,33,IZEA,4.2,"Winter Park, FL","Winter Park, FL",1,0,0,0,1,0,0,0,0
124,99,132,115,33,Montway Inc,3.4,"Schaumburg, IL","Schaumburg, IL",1,0,0,0,0,0,1,0,0
125,99,132,115,33,Juniper Networks,3.8,"Cupertino, CA","Sunnyvale, CA",1,1,0,0,0,0,0,0,0
126,90,109,99,19,1904labs,4.7,"Saint Louis, MO","Saint Louis, MO",1,1,0,0,0,0,0,0,0
127,90,109,99,19,XSELL Technologies,3.6,"Chicago, IL","Chicago, IL",1,1,1,0,0,0,0,0,0
128,90,109,99,19,IZEA,4.2,"Winter Park, FL","Winter Park, FL",1,0,0,0,1,0,0,0,0
129,90,109,99,19,Juniper Networks,3.8,"Cupertino, CA","Sunnyvale, CA",1,1,0,0,0,0,0,0,0
130,90,109,99,19,Notion Labs,5.0,"San Francisco, CA","San Francisco, CA",0,0,0,0,0,0,0,0,0
131,90,109,99,19,Lendio,4.9,"Lehi, UT","Lehi, UT",1,0,0,0,0,0,0,0,1
132,90,109,99,19,Direct Agents,4.4,"Culver City, CA","New York, NY",1,0,0,0,0,0,0,1,0
133,90,109,99,19,NAVEX Global,3.3,"Lake Oswego, OR","Lake Oswego, OR",1,0,0,0,0,0,1,0,0
134,90,109,99,19,Triplebyte,3.2,Remote,"San Francisco, CA",0,0,0,0,0,0,0,0,0
135,90,109,99,19,Triplebyte,3.2,Remote,"San Francisco, CA",0,0,0,0,0,0,0,0,0
136,90,109,99,19,Lendio,4.9,"Lehi, UT","Lehi, UT",1,0,0,0,0,0,0,0,1
137,90,109,99,19,Upstart,4.2,"San Mateo, CA","San Mateo, CA",1,0,0,0,0,0,0,0,0
138,90,109,99,19,Envision LLC,4.5,"San Francisco, CA","Saint Louis, MO",1,0,0,0,0,0,1,0,1
139,90,109,99,19,AppLovin,4.8,"Palo Alto, CA","Palo Alto, CA",0,0,0,0,0,0,0,0,1
140,90,109,99,19,ISO New England,3.8,"Holyoke, MA","Holyoke, MA",0,0,0,0,0,0,0,0,0
141,90,109,99,19,Relativity,3.7,"Chicago, IL","Chicago, IL",0,0,0,0,0,0,1,0,0
142,90,109,99,19,Tempo Automation,3.3,"San Francisco, CA","San Francisco, CA",1,0,0,0,0,0,1,0,1
143,90,109,99,19,MITRE,3.3,"McLean, VA","Bedford, MA",1,0,0,0,0,0,0,0,0
144,90,109,99,19,"Expedition Technology, Inc.",5.0,"Herndon, VA","Dulles, VA",1,1,1,0,0,0,0,0,0
145,90,109,99,19,Evidera,3.8,"Bethesda, MD","Bethesda, MD",0,0,0,0,0,0,0,0,0
146,90,109,99,19,Plymouth Rock Assurance,3.4,"Woodbridge, NJ","Boston, MA",0,0,0,0,0,0,0,0,0
147,90,109,99,19,Crown Bioscience,2.4,"San Diego, CA","San Diego, CA",0,0,0,0,0,0,0,0,0
148,90,109,99,19,GNS Healthcare,2.9,"Cambridge, MA","Cambridge, MA",0,0,0,0,0,0,0,0,1
149,90,109,99,19,OneMagnify,4.4,"Dearborn, MI","Detroit, MI",0,0,0,0,0,0,1,0,0
150,90,109,99,19,SPECTRUM,2.9,"Maryland Heights, MO","Stamford, CT",1,0,0,0,0,0,0,0,1
151,90,109,99,19,Advanced BioScience Laboratories,2.7,"Rockville, MD","Rockville, MD",0,0,0,0,0,0,0,0,0
152,90,109,99,19,Procore Technologies,4.2,"Carpinteria, CA","Carpinteria, CA",1,0,0,0,0,0,0,0,0
153,90,109,99,19,Ritedose,3.5,"Columbia, SC","Columbia, SC",0,0,0,0,0,0,0,0,0
154,90,109,99,19,Covid-19 Search Partners,0.0,"Hauppauge, NY","Hauppauge, NY",0,0,0,0,0,0,0,0,0
155,90,109,99,19,bioMÃ©rieux,4.2,"Saint Louis, MO","Marcy-l'Etoile, France",1,0,0,0,0,0,0,0,0
156,101,165,133,64,Novetta,4.5,"Herndon, VA","Mc Lean, VA",1,1,0,0,0,0,0,0,0
157,101,165,133,64,Guzman & Griffin Technologies (GGTI),4.4,"Washington, DC","Mays Landing, NJ",1,1,0,0,0,0,1,0,0
158,101,165,133,64,Radical Convergence,0.0,"Reston, VA","Reston, VA",1,1,1,0,0,0,0,0,0
159,101,165,133,64,Leidos,3.5,"Fort Meade, MD","Reston, VA",0,0,0,0,0,0,0,0,1
160,101,165,133,64,Demandbase,4.5,"San Francisco, CA","San Francisco, CA",1,1,0,0,0,0,0,0,1
161,101,165,133,64,Shelter Insurance,4.1,"Columbia, MO","Columbia, MO",1,0,0,0,0,0,1,0,0
162,101,165,133,64,Maxar Technologies,3.5,"Chantilly, VA","Westminster, CO",0,0,0,0,0,0,0,0,0
163,101,165,133,64,USAC,2.7,"Washington, DC","Washington, DC",1,0,0,0,0,0,0,0,0
164,101,165,133,64,General Dynamics Information Technology,3.4,"Vicksburg, MS","Fairfax, VA",0,0,0,0,0,0,0,0,0
165,101,165,133,64,Offerpad,4.4,"Chandler, AZ","Chandler, AZ",1,0,0,0,0,0,0,1,0
166,101,165,133,64,Autodesk,4.0,"San Francisco, CA","San Rafael, CA",1,0,0,0,0,0,0,0,1
167,101,165,133,64,Autodesk,4.2,"San Francisco, CA","Herndon, VA",1,0,0,0,0,0,1,0,1
168,101,165,133,64,Magna International Inc.,3.5,"Birmingham, AL","Aurora, Canada",1,0,0,0,0,0,0,0,1
169,101,165,133,64,United BioSource,2.3,"Blue Bell, PA","Blue Bell, PA",0,0,0,0,0,0,1,0,0
170,101,165,133,64,Kelly,3.4,"Chicago, IL","Troy, MI",0,0,0,0,0,0,0,0,0
171,101,165,133,64,Tempus Labs,3.3,"Redwood City, CA","Chicago, IL",1,1,1,0,0,0,0,0,0
172,101,165,133,64,C3.ai,4.7,"Redwood City, CA","Redwood City, CA",1,0,0,0,0,0,0,0,0
173,101,165,133,64,Quartet Health,3.9,"New York, NY","New York, NY",1,0,0,0,0,0,0,0,0
174,101,165,133,64,Midland Credit Management,3.3,"San Diego, CA","San Diego, CA",1,0,0,0,0,0,0,0,0
175,101,165,133,64,Tempus Labs,3.3,"Chicago, IL","Chicago, IL",1,1,1,0,0,0,0,0,0
176,101,165,133,64,Resurgent Capital Services,4.4,"Cincinnati, OH","Greenville, SC",1,0,0,0,0,0,0,0,0
177,56,97,76,41,PNNL,3.7,"Richland, WA","Richland, WA",0,0,0,0,0,0,0,0,0
178,56,97,76,41,Buckman,3.5,"Memphis, TN","Memphis, TN",1,0,0,0,0,0,0,0,0
179,56,97,76,41,Buckman,3.6,"Memphis, TN","Arlington, VA",1,1,1,0,0,0,0,0,0
180,56,97,76,41,Evidera,3.8,"Bethesda, MD","Bethesda, MD",0,0,0,0,0,0,0,0,0
181,56,97,76,41,webfx.com,4.7,"Harrisburg, PA","Harrisburg, PA",0,0,0,0,0,0,0,0,0
182,56,97,76,41,Argo Group US,3.5,"New York, NY","Hamilton, Bermuda",1,1,1,0,0,0,0,0,0
183,56,97,76,41,BWX Technologies,3.3,"Oak Ridge, TN","Lynchburg, VA",1,1,1,0,0,0,0,0,0
184,56,97,76,41,Life360,3.9,"San Francisco, CA","San Francisco, CA",1,0,0,0,0,0,1,0,0
185,56,97,76,41,MassMutual,3.7,"Boston, MA","Springfield, MA",1,0,0,0,0,0,0,0,0
186,56,97,76,41,Natera,3.9,"San Carlos, CA","San Carlos, CA",1,0,0,0,0,0,0,0,0
187,56,97,76,41,Genentech,4.0,"South San Francisco, CA","South San Francisco, CA",1,0,0,0,0,0,0,0,0
188,56,97,76,41,Ntrepid,4.2,"Herndon, VA","Herndon, VA",1,0,0,0,0,0,0,0,0
189,56,97,76,41,Constant Contact,3.6,"Waltham, MA","Waltham, MA",1,0,0,0,0,0,0,0,1
190,56,97,76,41,Sage Intacct,4.7,"San Francisco, CA","San Jose, CA",1,0,0,0,0,0,0,0,0
191,56,97,76,41,Shape Security,4.1,"Santa Clara, CA","Mountain View, CA",1,0,0,0,0,0,0,0,1
192,56,97,76,41,AstraZeneca,4.0,"Gaithersburg, MD","Cambridge, United Kingdom",1,0,0,0,0,0,0,0,0
193,56,97,76,41,SkillSoniq,5.0,"San Francisco, CA","Jersey City, NJ",1,0,0,0,0,1,0,0,0
194,56,97,76,41,AstraZeneca,4.0,"New York, NY","Cambridge, United Kingdom",1,0,0,0,0,0,0,0,0
195,56,97,76,41,Joby Aviation,4.3,"San Carlos, CA","Santa Cruz, CA",1,0,0,0,0,0,0,0,1
196,56,97,76,41,Cook Children's Health Care System,3.8,"Fort Worth, TX","Fort Worth, TX",0,0,0,0,0,0,0,0,0
197,56,97,76,41,Rubius Therapeutics,3.8,"Smithfield, RI","Cambridge, MA",0,0,0,0,0,0,0,0,0
198,56,97,76,41,GreatAmerica Financial Services,4.6,"Cedar Rapids, IA","Cedar Rapids, IA",0,0,0,0,0,0,1,0,0
199,79,106,92,27,Upside Business Travel,4.1,Remote,"Washington, DC",1,1,1,0,0,0,0,0,0
200,79,106,92,27,Spectrum Communications and Consulting,3.4,"Chicago, IL","Chicago, IL",0,0,0,0,0,1,0,0,0
201,79,106,92,27,Coverent,4.1,"McLean, VA","McLean, VA",1,0,0,0,0,0,0,0,0
202,79,106,92,27,Mteq,3.7,"Fort Belvoir, VA","Lorton, VA",1,0,0,0,0,0,0,0,0
203,79,106,92,27,Rocket Lawyer,4.4,"San Francisco, CA","San Francisco, CA",1,0,0,0,0,0,0,0,1
204,79,106,92,27,Novartis,3.9,"Cambridge, MA","Basel, Switzerland",0,0,0,0,0,0,0,0,0
205,79,106,92,27,Alion Science & Technology,3.6,"Linthicum Heights, MD","Mc Lean, VA",1,0,0,0,0,0,0,0,1
206,79,106,92,27,Novetta,4.5,"Herndon, VA","Mc Lean, VA",0,0,0,0,0,0,0,0,0
207,79,106,92,27,Protolabs,3.7,"Maple Plain, MN","Maple Plain, MN",0,0,0,0,0,0,0,0,0
208,79,106,92,27,Quest Integrity,2.9,"Tulsa, OK","Kent, WA",0,0,0,0,0,0,0,0,0
209,79,106,92,27,Phoenix Operations Group,5.0,"Annapolis Junction, MD","Woodbine, MD",1,0,0,0,0,0,0,0,1
210,79,106,92,27,Dice.com,3.4,"Newton, MA","Denver, CO",1,1,1,0,0,0,0,0,0
211,79,106,92,27,Maxar Technologies,3.5,"Herndon, VA","Westminster, CO",1,0,0,0,0,0,0,0,1
212,79,106,92,27,Phoenix Operations Group,5.0,"Baltimore, MD","Woodbine, MD",1,0,0,0,0,0,0,0,1
213,79,106,92,27,Klaviyo,4.8,"Boston, MA","Boston, MA",1,0,0,0,0,0,0,0,0
214,79,106,92,27,Southwest Research Institute,3.9,"Oklahoma City, OK","San Antonio, TX",1,0,0,0,0,0,0,0,0
215,79,106,92,27,AstraZeneca,4.0,"Gaithersburg, MD","Cambridge, United Kingdom",1,0,0,0,1,0,0,0,0
216,79,106,92,27,The Buffalo Group,4.3,"Fort Belvoir, VA","Reston, VA",1,0,0,0,0,0,0,0,0
217,79,106,92,27,Central California Alliance for Health,3.5,"Scotts Valley, CA","Scotts Valley, CA",0,0,0,0,0,0,1,0,0
218,79,106,92,27,MassMutual,3.7,"Boston, MA","Springfield, MA",0,0,0,0,0,0,0,0,1
219,79,106,92,27,Tempus Labs,3.3,"Redwood City, CA","Chicago, IL",1,1,1,0,0,0,0,0,0
220,79,106,92,27,Security Finance Corporation of Spartanburg,3.1,"Spartanburg, SC","Spartanburg, SC",0,0,0,0,0,0,0,0,0
221,71,123,97,52,PulsePoint,4.3,"New York, NY","New York, NY",1,0,0,0,0,0,0,0,1
222,71,123,97,52,LSQ,4.2,"Orlando, FL","Orlando, FL",1,1,0,0,0,0,1,1,1
223,71,123,97,52,Resurgent Capital Services,4.4,"Cincinnati, OH","Greenville, SC",1,0,0,0,0,0,0,0,0
224,71,123,97,52,Opendoor,3.6,"San Francisco, CA","San Francisco, CA",1,0,0,0,0,0,0,0,0
225,71,123,97,52,Global Data Management Inc,4.5,"Hartford, CT","Woodbridge, NJ",1,0,0,0,0,0,0,0,0
226,71,123,97,52,Photon Infotech,3.0,"Chicago, IL","Chennai, India",1,0,0,0,0,0,0,0,1
227,71,123,97,52,REE,5.0,United States,"Tel Aviv-Yafo, Israel",1,0,0,0,0,0,0,0,1
228,71,123,97,52,Riverside Research Institute,3.6,"Beavercreek, OH","Arlington, VA",1,1,1,0,0,0,0,0,0
229,71,123,97,52,T. Rowe Price,3.6,"Baltimore, MD","Baltimore, MD",1,0,0,0,0,0,1,0,0
230,71,123,97,52,"Encode, Inc.",0.0,"Norfolk, VA","Manalapan, NJ",0,0,0,0,0,0,0,0,1
231,71,123,97,52,Evidera,3.8,"Bethesda, MD","Bethesda, MD",0,0,0,0,0,0,0,0,0
232,71,123,97,52,BWX Technologies,3.3,"Oak Ridge, TN","Lynchburg, VA",1,1,1,0,0,0,0,0,0
233,71,123,97,52,Brighthouse Financial,3.8,"Charlotte, NC","Charlotte, NC",0,0,0,0,0,0,0,0,0
234,71,123,97,52,Argo Group US,3.5,"New York, NY","Hamilton, Bermuda",1,1,1,0,0,0,0,0,0
235,71,123,97,52,II-VI Incorporated,3.3,"Champaign, IL","Saxonburg, PA",0,0,0,0,0,0,0,0,0
236,71,123,97,52,Surya Systems,4.6,"San Francisco, CA","Bristol, PA",1,0,0,0,0,0,1,0,0
237,71,123,97,52,PayPal,3.8,Texas,"San Jose, CA",1,0,0,0,0,0,0,0,1
238,71,123,97,52,Life360,3.9,"San Francisco, CA","San Francisco, CA",1,0,0,0,0,0,1,0,0
239,71,123,97,52,Predictive Research Inc,3.9,"Plano, TX","Bangalore, India",1,1,0,0,0,0,0,0,0
240,90,124,107,34,Oversight Systems,4.7,"Atlanta, GA","Atlanta, GA",1,0,1,0,0,0,0,0,0
241,90,124,107,34,Acuity Insurance,4.8,"Sheboygan, WI","Sheboygan, WI",0,0,0,0,0,0,0,0,0
242,90,124,107,34,1010data,3.1,"New York, NY","New York, NY",1,0,0,0,0,0,0,0,0
243,90,124,107,34,Gigya,3.6,"Palo Alto, CA","Mountain View, CA",0,0,0,0,0,0,0,0,1
244,90,124,107,34,Genesis Research,5.0,"Hoboken, NJ","Hoboken, NJ",1,0,0,0,0,0,0,0,0
245,90,124,107,34,Sanofi,3.7,"Cambridge, MA","Paris, France",1,0,0,0,0,0,1,0,1
246,90,124,107,34,XPO Logistics,3.7,"Lebanon, IN","Greenwich, CT",1,0,0,0,0,0,0,0,1
247,90,124,107,34,Trace Data,3.9,"Oakland, CA","Santa Ana, CA",1,1,1,0,0,0,0,0,0
248,90,124,107,34,Descript,4.3,"San Francisco, CA","Houston, TX",1,0,0,0,0,0,0,0,0
249,90,124,107,34,Rincon Research Corporation,4.2,"Melbourne, FL","Tucson, AZ",1,0,0,0,0,0,0,0,0
250,90,124,107,34,MassMutual,3.7,"Boston, MA","Springfield, MA",1,0,0,0,0,0,0,0,0
251,90,124,107,34,Better Hire,4.0,"Birmingham, AL","Birmingham, AL",0,0,0,0,0,0,0,0,0
252,90,124,107,34,Parker Hannifin,3.3,"Cleveland, OH","Cleveland, OH",1,0,0,0,0,0,0,0,0
253,90,124,107,34,Gallup,4.1,"New York, NY","Washington, DC",1,0,0,0,0,0,0,0,0
254,90,124,107,34,Insider Inc,3.3,"New York, NY","New York, NY",1,0,0,0,0,0,0,0,0
255,90,124,107,34,Rapid Value Solutions,3.9,"San Francisco, CA","Pleasanton, CA",1,0,1,0,0,0,0,0,0
256,90,124,107,34,Battelle,3.1,"Norwell, MA","Columbus, OH",0,0,0,0,0,0,0,0,0
257,90,124,107,34,Ntrepid,4.2,"Herndon, VA","Herndon, VA",1,0,0,0,0,0,0,0,0
258,90,124,107,34,"The Drive Media, Inc.",5.0,"New York, NY","New York, NY",1,1,0,0,0,0,0,0,0
259,90,124,107,34,Affinity Solutions,2.9,"San Jose, CA","New York, NY",1,0,0,0,0,0,1,0,1
260,90,124,107,34,Sage Intacct,4.7,"San Francisco, CA","San Jose, CA",1,0,0,0,0,0,0,0,0
261,90,124,107,34,Constant Contact,3.6,"Waltham, MA","Waltham, MA",1,0,0,0,0,0,0,0,1
262,91,150,120,59,MIT Lincoln Laboratory,3.8,"Lexington, MA","Lexington, MA",1,0,0,0,0,0,0,0,1
263,91,150,120,59,Puget Sound Energy,3.3,"Bothell, WA","Bellevue, WA",0,0,0,0,0,0,0,0,0
264,91,150,120,59,Pacific Northwest National Laboratory,3.7,"Richland, WA","Richland, WA",0,0,0,0,0,0,0,0,0
265,91,150,120,59,Analysis Group,3.8,"Boston, MA","Boston, MA",1,0,0,0,0,0,0,0,0
266,91,150,120,59,US Pharmacopeia,3.2,"Rockville, MD","Rockville, MD",1,0,0,0,0,0,1,0,0
267,91,150,120,59,Itlize Global,4.6,"Piscataway, NJ","Piscataway, NJ",1,0,0,0,0,1,0,0,1
268,91,150,120,59,eBay,3.5,"San Jose, CA","San Jose, CA",1,0,0,0,0,0,1,0,1
269,91,150,120,59,Paige,5.0,"New York, NY","New York, NY",1,0,0,0,0,0,0,0,0
270,91,150,120,59,Shape Security,4.1,"Santa Clara, CA","Mountain View, CA",1,0,0,0,0,0,0,0,1
271,91,150,120,59,ABIOMED,4.1,"Danvers, MA","Danvers, MA",1,1,0,0,0,0,1,1,0
272,91,150,120,59,Comcast,3.5,"New York, NY","Philadelphia, PA",1,0,0,0,0,0,1,0,0
273,91,150,120,59,"Metronome, LLC",3.2,"Vienna, VA","Fairfax, VA",1,0,0,0,0,0,0,0,1
274,91,150,120,59,SkillSoniq,5.0,"San Francisco, CA","Jersey City, NJ",1,0,0,0,0,1,0,0,0
275,91,150,120,59,Lawrence Livermore National Lab,4.7,"Livermore, CA","Livermore, CA",1,0,0,0,0,0,0,0,1
276,91,150,120,59,FHLBank Pittsburgh,3.8,"Pittsburgh, PA","Pittsburgh, PA",0,0,0,0,0,0,1,0,0
277,91,150,120,59,Jacobs,3.6,"Herndon, VA","Dallas, TX",1,1,0,0,0,0,1,0,0
278,91,150,120,59,Klaviyo,4.8,"Boston, MA","Boston, MA",0,0,0,0,0,0,0,0,0
279,91,150,120,59,Underwriters Laboratories,3.3,"Northbrook, IL","Northbrook, IL",0,0,0,0,0,0,0,0,0
280,91,150,120,59,Altus Group,3.7,"Irvine, CA","Toronto, Canada",1,0,0,0,0,0,1,0,0
281,91,150,120,59,Jobot,5.0,"Irvine, CA","Irvine, CA",1,0,0,0,0,0,1,1,0
282,91,150,120,59,Trovetechs Inc,0.0,"San Francisco, CA","Hillsborough, NJ",0,1,0,0,0,0,0,0,0
283,141,225,183,84,Edmunds.com,3.4,"Santa Monica, CA","Santa Monica, CA",1,0,0,0,0,0,1,0,0
284,141,225,183,84,Cohere Health,5.0,"Boston, MA","Boston, MA",1,0,0,0,0,0,0,0,0
285,141,225,183,84,Trovetechs Inc,0.0,"San Francisco, CA","Hillsborough, NJ",0,1,0,0,0,0,0,0,0
286,141,225,183,84,AstraZeneca,4.0,"New York, NY","Cambridge, United Kingdom",1,0,0,0,0,0,0,0,0
287,141,225,183,84,Oshkosh Corporation,4.2,"Oshkosh, WI","Oshkosh, WI",1,0,0,0,0,0,0,0,1
288,141,225,183,84,Joby Aviation,4.3,"San Carlos, CA","Santa Cruz, CA",1,0,0,0,0,0,0,0,1
289,141,225,183,84,Mackin,3.4,"Menlo Park, CA","Pittsburgh, PA",1,0,0,0,0,0,0,0,0
290,141,225,183,84,PETADATA,0.0,"San Francisco, CA","Fremont, CA",1,0,0,0,0,0,1,1,0
291,141,225,183,84,VBeyond Corporation,4.4,"Dallas, TX","Hillsborough, NJ",1,0,0,0,0,0,0,0,0
292,141,225,183,84,Leidos,3.5,"Arlington, VA","Reston, VA",1,1,1,0,0,0,0,0,0
293,141,225,183,84,Take-Two,3.7,"San Francisco, CA","New York, NY",1,1,1,0,0,0,1,0,0
294,141,225,183,84,Colony Brands,3.7,"Monroe, WI","Monroe, WI",1,0,0,0,0,0,0,0,0
295,141,225,183,84,Capio Group,4.1,"Sacramento, CA","Goteborg, Sweden",1,0,0,0,0,0,0,0,0
296,141,225,183,84,SleePare,3.4,"New York, NY","New York, NY",1,0,0,0,0,0,0,0,0
297,141,225,183,84,ShorePoint,4.5,"Reston, VA","Washington, DC",0,0,0,0,0,0,1,1,0
298,141,225,183,84,Dolphin,3.5,"New York, NY","Lake Buena Vista, FL",1,1,1,0,0,0,0,0,0
299,141,225,183,84,TE Connectivity,3.6,"Hampton, VA","Schaffhausen, Switzerland",0,0,0,0,0,0,0,0,0
300,141,225,183,84,State of Virginia,3.2,"Richmond, VA","Richmond, VA",1,0,0,0,0,0,0,0,1
301,141,225,183,84,TA Digital,3.7,"New York, NY","Newark, CA",1,0,0,0,0,0,0,0,1
302,141,225,183,84,Market America Inc,4.0,"Monterey, CA","Greensboro, NC",1,0,0,0,0,0,0,0,0
303,145,225,185,80,Triplebyte,3.2,"Chicago, IL","San Francisco, CA",0,0,0,0,0,0,0,0,0
304,145,225,185,80,Kingfisher Systems,4.5,"McLean, VA","Falls Church, VA",1,0,0,0,0,0,1,0,0
305,145,225,185,80,TrueAccord,3.4,Remote,"San Francisco, CA",1,0,0,0,0,0,0,0,0
306,145,225,185,80,ALTA IT Services,3.9,"Woodlawn, MD","Rockville, MD",1,1,1,0,0,0,1,0,0
307,145,225,185,80,Kollasoft Inc.,3.2,United States,"Scottsdale, AZ",1,0,0,0,0,0,0,0,0
308,145,225,185,80,Kollasoft Inc.,5.0,"New York, NY","Irving, TX",1,0,0,0,0,0,0,0,0
309,145,225,185,80,ASRC Federal Holding Company,3.4,"Reston, VA","Beltsville, MD",0,0,0,0,0,0,0,0,0
310,145,225,185,80,Adwait Algorithm,4.4,"New York, NY","Houston, TX",1,1,1,0,0,0,0,0,1
311,145,225,185,80,Cook Children's Health Care System,3.8,"Fort Worth, TX","Fort Worth, TX",0,0,0,0,0,0,0,0,0
312,145,225,185,80,Rubius Therapeutics,3.8,"Smithfield, RI","Cambridge, MA",0,0,0,0,0,0,0,0,0
313,145,225,185,80,Cambridge FX,3.5,"Atlanta, GA","Toronto, Canada",1,0,0,0,0,0,1,0,0
314,145,225,185,80,Metromile,3.8,"San Francisco, CA","San Francisco, CA",1,0,0,0,0,0,0,0,0
315,145,225,185,80,Criteo,3.9,"Ann Arbor, MI","Paris, France",1,1,0,0,0,0,0,0,1
316,145,225,185,80,Advance Sourcing Concepts,3.4,"Pittsburgh, PA","Pittsburgh, PA",1,0,0,0,0,0,0,0,0
317,145,225,185,80,Enterprise Solutions Inc,3.8,"New York, NY","Naperville, IL",1,0,0,0,0,0,1,0,0
318,145,225,185,80,GreatAmerica Financial Services,4.6,"Cedar Rapids, IA","Cedar Rapids, IA",0,0,0,0,0,0,1,0,0
319,145,225,185,80,Microagility,0.0,"New York, NY","Princeton, NJ",0,0,0,0,0,0,0,0,0
320,145,225,185,80,"Conch Technologies, Inc",4.6,"Concord, CA","Memphis, TN",0,0,0,0,0,0,0,0,0
321,145,225,185,80,GSK,3.9,"Richmond, VA","Brentford, United Kingdom",0,0,0,0,0,0,0,0,0
322,145,225,185,80,"Rainmaker Resources, LLC",0.0,"Cincinnati, OH","Cincinnati, OH",0,0,0,0,0,0,0,0,1
323,79,147,113,68,GovTech,3.7,"San Francisco, CA","Singapore, Singapore",1,0,0,0,0,1,1,0,0
324,79,147,113,68,Intellectual Ventures,3.3,"Bellevue, WA","Bellevue, WA",1,0,0,0,0,0,0,0,0
325,79,147,113,68,Rocket Lawyer,4.4,"San Francisco, CA","San Francisco, CA",1,0,0,0,0,0,0,0,1
326,79,147,113,68,22nd Century Technologies,3.7,"Oakland, CA","Somerset, NJ",0,0,0,0,0,0,0,0,1
327,79,147,113,68,Huxley,3.3,"San Francisco, CA","London, United Kingdom",1,0,0,0,0,0,0,0,0
328,79,147,113,68,FM Systems,3.4,"Boston, MA","Raleigh, NC",1,0,0,0,0,0,0,0,1
329,79,147,113,68,B4Corp,0.0,"Reston, VA","Leesburg, VA",1,0,0,0,0,0,0,0,0
330,79,147,113,68,Mteq,3.7,"Fort Belvoir, VA","Lorton, VA",1,0,0,0,0,0,0,0,0
331,79,147,113,68,Blue Cross and Blue Shield of North Carolina,3.7,"Durham, NC","Durham, NC",1,0,0,0,0,0,0,0,1
332,79,147,113,68,Jane Street,4.8,"New York, NY","New York, NY",0,1,1,0,0,0,0,0,0
333,79,147,113,68,SSATI,5.0,"McLean, VA","Annapolis Junction, MD",1,0,0,0,0,0,0,0,0
334,79,147,113,68,Novartis,3.9,"Cambridge, MA","Basel, Switzerland",0,0,0,0,0,0,0,0,0
335,79,147,113,68,Solving IT International Inc,3.4,"Chicago, IL","Chicago, IL",0,0,0,0,0,0,0,0,0
336,79,147,113,68,The Davey Tree Expert Company,3.3,"Kent, OH","Kent, OH",1,0,0,0,0,0,0,0,0
337,79,147,113,68,Centauri,4.6,"Reston, VA","Chantilly, VA",0,0,0,0,0,0,0,0,0
338,79,147,113,68,Stride Search,0.0,"San Francisco, CA","Westlake Village, CA",1,0,0,0,0,0,0,0,0
339,79,147,113,68,Software Engineering Institute,2.6,"Pittsburgh, PA","Pittsburgh, PA",1,1,1,0,0,0,0,0,0
340,79,147,113,68,Dermalogica,3.8,"Carson, CA","Carson, CA",1,0,0,0,0,0,1,0,0
341,79,147,113,68,TechProjects,4.8,"New York, NY","North Brunswick, NJ",1,0,0,0,0,1,1,0,0
342,79,147,113,68,7Park Data,3.9,"New York, NY","New York, NY",1,0,0,0,0,1,0,0,0
343,122,146,134,24,Netskope,4.0,"Santa Clara, CA","Santa Clara, CA",1,1,0,0,0,0,0,0,1
344,122,146,134,24,Eversight,4.2,"Palo Alto, CA","Palo Alto, CA",1,0,0,0,0,0,0,0,0
345,122,146,134,24,Protolabs,3.7,"Maple Plain, MN","Maple Plain, MN",0,0,0,0,0,0,0,0,0
346,122,146,134,24,Ameritas Life Insurance Corp,3.0,"Cincinnati, OH","Lincoln, NE",0,0,0,0,0,0,0,0,0
347,122,146,134,24,Western Digital,3.5,"San Jose, CA","San Jose, CA",1,0,0,0,0,0,0,0,0
348,122,146,134,24,"Shimento, Inc.",2.9,"Santa Clara, CA","Benicia, CA",1,1,1,0,0,0,0,0,1
349,122,146,134,24,Averity,5.0,"New York, NY","New York, NY",0,0,0,0,0,0,0,0,0
350,122,146,134,24,Praxis Engineering,4.7,"Chantilly, VA","Annapolis Junction, MD",0,0,0,0,0,0,0,0,1
351,122,146,134,24,Point72 Ventures,0.0,"Palo Alto, CA","Palo Alto, CA",0,0,0,0,0,0,0,0,0
352,122,146,134,24,Johns Hopkins University Applied Physics Laboratory,4.5,"Laurel, MD","Laurel, MD",0,0,0,0,0,0,0,0,0
353,122,146,134,24,Cambridge Mobile Telematics,4.9,"Cambridge, MA","Cambridge, MA",1,0,0,0,0,0,0,0,0
354,122,146,134,24,Blend360,4.6,"Columbia, MD","Columbia, MD",1,0,0,0,0,0,0,0,0
355,122,146,134,24,Phoenix Operations Group,5.0,"Annapolis Junction, MD","Woodbine, MD",1,0,0,0,0,0,0,0,1
356,122,146,134,24,Nolij Consulting,3.9,"Falls Church, VA","Vienna, VA",1,0,0,0,0,0,1,0,0
357,122,146,134,24,Hatch Data Inc,0.0,"San Francisco, CA","San Francisco, CA",1,0,0,0,0,0,0,0,0
358,122,146,134,24,Hatch Data Inc,0.0,"San Francisco, CA","San Francisco, CA",1,0,0,0,0,0,0,0,0
359,122,146,134,24,Hatch Data Inc,0.0,"San Francisco, CA","San Francisco, CA",1,0,0,0,0,0,0,0,0
360,122,146,134,24,Hatch Data Inc,0.0,"San Francisco, CA","San Francisco, CA",1,0,0,0,0,0,0,0,0
361,122,146,134,24,Hatch Data Inc,0.0,"San Francisco, CA","San Francisco, CA",1,0,0,0,0,0,0,0,0
362,122,146,134,24,Hatch Data Inc,0.0,"San Francisco, CA","San Francisco, CA",1,0,0,0,0,0,0,0,0
363,122,146,134,24,Maxar Technologies,3.5,"Herndon, VA","Westminster, CO",1,0,0,0,0,0,0,0,1
364,112,116,114,4,Quick Base,4.3,"Cambridge, MA","Cambridge, MA",1,0,0,0,0,0,1,1,0
365,112,116,114,4,Takeda,3.7,"Cambridge, MA","OSAKA, Japan",1,1,0,0,0,0,0,0,0
366,112,116,114,4,Maxar Technologies,3.5,"Herndon, VA","Westminster, CO",1,0,0,0,0,0,1,0,0
367,112,116,114,4,Southwest Research Institute,3.9,"Oklahoma City, OK","San Antonio, TX",1,0,0,0,0,0,0,0,0
368,112,116,114,4,Compass Consulting Group,4.7,"Thousand Oaks, CA","Danville, CA",1,0,0,0,0,0,0,0,0
369,112,116,114,4,Klaviyo,4.8,"Boston, MA","Boston, MA",1,0,0,0,0,0,0,0,0
370,112,116,114,4,AstraZeneca,4.0,"Gaithersburg, MD","Cambridge, United Kingdom",1,0,0,0,1,0,0,0,0
371,112,116,114,4,"SolutionIT, Inc.",4.4,"Edison, NJ","Wilmington, MA",0,0,0,0,0,0,0,0,0
372,112,116,114,4,Perspecta,3.2,"Adelphi, MD","Chantilly, VA",1,0,0,0,0,0,0,0,1
373,112,116,114,4,Smith Hanley Associates,4.5,"Washington, DC","New York, 061",1,0,0,0,0,0,0,0,0
374,112,116,114,4,Allen Institute,3.5,"Seattle, WA","Seattle, WA",0,0,0,0,0,0,0,0,0
375,112,116,114,4,Eliassen Group,4.4,"Plano, TX","Reading, MA",1,0,0,0,0,0,0,0,0
376,112,116,114,4,Bayside Solutions,3.1,"Sunnyvale, CA","Pleasanton, CA",1,0,0,0,0,0,1,0,0
377,112,116,114,4,Evolve Vacation Rental,3.5,"Denver, CO","Denver, CO",1,0,0,0,0,0,0,0,0
378,112,116,114,4,AgreeYa Solutions,3.8,"Thousand Oaks, CA","Folsom, CA",1,0,0,0,0,0,0,0,0
379,112,116,114,4,Carolina Power & Light Co,3.7,"McLean, VA","Raleigh, NC",1,0,0,0,0,0,0,0,1
380,112,116,114,4,Central California Alliance for Health,3.5,"Scotts Valley, CA","Scotts Valley, CA",0,0,0,0,0,0,1,0,0
381,112,116,114,4,MassMutual,3.7,"Boston, MA","Springfield, MA",0,0,0,0,0,0,0,0,1
382,112,116,114,4,"New Iron Group, Inc.",5.0,"Boston, MA","Austin, TX",1,1,0,0,0,0,0,0,0
383,112,116,114,4,Travelers,4.0,"Hartford, CT","Hartford, CT",1,0,0,0,0,0,0,0,1
384,112,116,114,4,Twitch,3.6,"San Francisco, CA","San Francisco, CA",1,0,0,0,0,0,1,0,0
385,110,163,136,53,Klaviyo,4.8,"Boston, MA","Boston, MA",0,0,0,0,0,0,0,0,0
386,110,163,136,53,GutCheck,3.8,"Denver, CO","Denver, CO",0,0,0,0,0,0,0,0,0
387,110,163,136,53,Biogen,3.6,"Cambridge, MA","Cambridge, MA",0,0,0,0,0,0,0,0,0
388,110,163,136,53,HireAi,0.0,"San Francisco, CA","San Francisco, CA",1,0,0,0,0,0,1,0,0
389,110,163,136,53,HireAi,0.0,"San Francisco, CA","San Francisco, CA",1,0,0,0,0,0,1,0,0
390,110,163,136,53,Tempus Labs,3.3,"Redwood City, CA","Chicago, IL",1,1,1,0,0,0,0,0,0
391,110,163,136,53,Mentor Graphics,4.1,"Fremont, CA","Wilsonville, OR",1,1,0,0,0,0,0,0,0
392,110,163,136,53,WCG (WIRB-Copernicus Group),3.6,"Hamilton, NJ","Princeton, NJ",0,0,0,0,0,1,0,1,0
393,110,163,136,53,Kingfisher Systems,4.5,"Falls Church, VA","Falls Church, VA",1,0,0,0,0,0,0,0,0
394,110,163,136,53,Tempus Labs,3.3,"Chicago, IL","Chicago, IL",0,1,1,0,0,0,0,0,0
395,110,163,136,53,Liberty Mutual Insurance,3.4,"Indianapolis, IN","Boston, MA",1,0,0,0,0,0,0,0,0
396,110,163,136,53,Visionary Integration Professionals,4.3,"Washington, DC","Folsom, CA",0,0,0,0,0,0,0,0,0
397,110,163,136,53,Maxar Technologies,3.5,"Herndon, VA","Westminster, CO",1,0,0,0,0,0,0,0,0
398,110,163,136,53,Dynetics,4.0,"Huntsville, AL","Huntsville, AL",1,0,0,0,0,0,0,0,0
399,110,163,136,53,Systems & Technology Research,4.5,"Woburn, MA","Woburn, MA",0,0,0,0,0,0,0,0,0
400,110,163,136,53,Novetta,4.5,"Herndon, VA","Mc Lean, VA",1,0,0,0,0,0,0,0,0
401,110,163,136,53,Navy Federal Credit Union,3.9,"Merrifield, VA","Vienna, VA",0,0,0,0,0,1,1,1,0
402,110,163,136,53,Exact Sciences Corporation,4.0,"Madison, WI","Madison, WI",0,0,0,0,0,0,0,0,0
403,110,163,136,53,Community Behavioral Health,3.6,"Philadelphia, PA","Phila, PA",0,0,0,0,0,0,1,1,0
404,110,163,136,53,Reynolds American,3.3,"Winston-Salem, NC","Winston-Salem, NC",0,0,0,0,0,0,0,0,0
405,110,163,136,53,LifeOmic,5.0,"Raleigh, NC","Indianapolis, IN",0,1,1,0,0,0,0,0,0
406,124,198,161,74,Twitter,4.1,"San Francisco, CA","San Francisco, CA",1,0,0,0,0,0,0,0,0
407,124,198,161,74,Postmates - Corporate HQ,3.2,"San Francisco, CA","San Francisco, CA",1,1,1,0,0,0,0,0,0
408,124,198,161,74,"Visionist, Inc.",4.9,"Columbia, MD","Columbia, MD",1,1,0,0,0,0,1,0,0
409,124,198,161,74,Navio,0.0,"San Mateo, CA","Half Moon Bay, CA",0,0,0,0,0,0,0,0,0
410,124,198,161,74,Concerto HealthAI,3.3,"Boston, MA","Boston, MA",1,0,0,0,0,0,0,0,0
411,124,198,161,74,Evolvinc,0.0,"Burbank, CA","Los Angeles, CA",1,1,0,0,0,0,0,0,1
412,124,198,161,74,PROPRIUS,5.0,"Sunnyvale, CA","London, United Kingdom",1,0,0,0,0,0,1,0,1
413,124,198,161,74,TECHNOCRAFT Solutions,3.4,"San Ramon, CA","Hilliard, OH",1,0,0,0,0,0,0,0,1
414,124,198,161,74,"Latitude, Inc.",4.1,"Washington, DC","Hanover, MD",1,0,0,0,0,0,1,0,0
415,124,198,161,74,Royce Geospatial,5.0,"Springfield, VA","Arlington, VA",1,0,0,0,0,0,0,0,1
416,124,198,161,74,CyberCoders,4.2,"Phoenix, AZ","Irvine, CA",1,0,0,0,0,0,0,0,0
417,124,198,161,74,Booz Allen Hamilton Inc.,3.7,"Oxnard, CA","Mc Lean, VA",1,0,0,0,0,0,1,0,1
418,124,198,161,74,Burns & McDonnell,3.8,"Kansas City, MO","Kansas City, MO",1,0,0,0,0,0,0,0,0
419,124,198,161,74,InvenTech Info,4.8,"Jersey City, NJ","Bengaluru, India",1,0,0,0,0,0,0,0,0
420,124,198,161,74,Robert Half,3.5,"Manchester, NH","Menlo Park, CA",1,0,0,0,0,0,0,0,0
421,124,198,161,74,GreatAmerica Financial Services,4.6,"Cedar Rapids, IA","Cedar Rapids, IA",0,0,0,0,0,0,1,0,0
422,124,198,161,74,Conflux Systems Inc.,4.5,"Winters, TX","Alpharetta, GA",1,0,0,0,0,0,0,0,0
423,124,198,161,74,Criteo,3.9,"Ann Arbor, MI","Paris, France",1,1,0,0,0,0,0,0,1
424,124,198,161,74,Voice,3.4,"Brooklyn, NY","Brooklyn, NY",1,0,0,0,0,0,0,0,0
425,124,198,161,74,Microagility,0.0,"New York, NY","Princeton, NJ",0,0,0,0,0,0,0,0,0
426,124,198,161,74,Coverent,4.1,"McLean, VA","McLean, VA",1,0,0,0,0,0,0,0,0
427,79,133,106,54,Via Transportation,3.7,"New York, NY","New York, NY",1,0,0,0,0,0,1,0,0
428,79,133,106,54,Benson Hill,3.5,"Saint Louis, MO","Saint Louis, MO",1,0,0,0,0,0,0,0,1
429,79,133,106,54,"Conch Technologies, Inc",4.6,"Concord, CA","Memphis, TN",0,0,0,0,0,0,0,0,0
430,79,133,106,54,Falcon IT & Staffing Solutions,0.0,"Fort Belvoir, VA","Washington, DC",1,0,0,0,0,0,0,0,0
431,79,133,106,54,"Rainmaker Resources, LLC",0.0,"Cincinnati, OH","Cincinnati, OH",0,0,0,0,0,0,0,0,1
432,79,133,106,54,Rocket Lawyer,4.4,"San Francisco, CA","San Francisco, CA",1,0,0,0,0,0,0,0,1
433,79,133,106,54,DataLab USA,3.6,"Germantown, MD","Germantown, MD",1,0,0,0,0,0,1,0,0
434,79,133,106,54,Werner Enterprises Inc,3.1,"Omaha, NE","Omaha, NE",0,0,0,0,0,0,0,0,0
435,79,133,106,54,PeopleCom,5.0,"McLean, VA","Reston, VA",1,0,0,0,0,0,0,0,0
436,79,133,106,54,VANTA Partners,5.0,"Open Fork, VA","Clifton Park, NY",1,1,0,0,0,0,0,0,0
437,79,133,106,54,B4Corp,0.0,"Reston, VA","Leesburg, VA",1,0,0,0,0,0,0,0,0
438,79,133,106,54,"Blue Icy Water, LLC",0.0,United States,"Livonia, MI",0,0,0,0,0,0,0,0,0
439,79,133,106,54,"Farmer's Business Network, Inc.",3.5,"San Carlos, CA","San Carlos, CA",1,0,0,0,0,0,0,0,1
440,79,133,106,54,Sonde Health,0.0,"Boston, MA","Boston, MA",1,0,0,0,0,0,0,0,0
441,79,133,106,54,Maxiom,5.0,"Ashburn, VA","Ashburn, VA",1,0,0,0,0,0,1,0,0
442,79,133,106,54,Change Healthcare,2.7,"Lombard, IL","Nashville, TN",0,0,0,0,0,0,0,0,0
443,79,133,106,54,DCS Corp,4.1,"Hampton, VA","Alexandria, VA",1,0,0,0,0,0,0,0,1
444,79,133,106,54,Hive (CA),2.1,"San Francisco, CA","Los Angeles, CA",1,0,0,0,0,0,0,0,0
445,79,133,106,54,Jane Street,4.8,"New York, NY","New York, NY",0,1,1,0,0,0,0,0,0
446,69,116,92,47,Envision LLC,4.5,"Saint Louis, MO","Saint Louis, MO",1,0,0,0,0,0,0,0,0
447,69,116,92,47,Autodesk,4.0,"San Francisco, CA","San Rafael, CA",1,0,0,0,0,0,0,0,1
448,69,116,92,47,Hackensack Meridian Health,3.3,"Edison, NJ","Edison, NJ",1,0,0,0,0,0,1,1,0
449,69,116,92,47,Novartis,3.9,"Cambridge, MA","Basel, Switzerland",0,0,0,0,0,0,0,0,0
450,69,116,92,47,Net2Source Inc.,3.2,"Alpharetta, GA","Somerset, NJ",1,0,0,0,0,0,0,0,0
451,69,116,92,47,The Trade Desk,3.2,"Boulder, CO","Ventura, CA",1,0,0,0,0,0,0,0,1
452,69,116,92,47,IBM,3.7,"Atlanta, GA","Armonk, NY",1,0,0,0,0,0,0,0,0
453,69,116,92,47,Knowesis Inc.,4.4,"Falls Church, VA","Fairfax, VA",1,0,0,0,0,0,1,0,0
454,69,116,92,47,MoTek Technologies,3.1,"Mountain View, CA","San Jose, CA",1,0,0,0,0,0,0,0,0
455,69,116,92,47,The Davey Tree Expert Company,3.3,"Kent, OH","Kent, OH",1,0,0,0,0,0,0,0,0
456,69,116,92,47,HPOne,3.5,"Trumbull, CT","Trumbull, CT",1,0,0,0,0,0,1,0,0
457,69,116,92,47,Stride Search,0.0,"San Francisco, CA","Westlake Village, CA",1,0,0,0,0,0,0,0,0
458,69,116,92,47,Software Engineering Institute,2.6,"Pittsburgh, PA","Pittsburgh, PA",1,1,1,0,0,0,0,0,0
459,69,116,92,47,Blue Cloak LLC,0.0,"Sterling, VA","Sterling, VA",1,1,0,0,0,0,1,0,0
460,69,116,92,47,TBWA\Chiat\Day,2.7,"New York, NY","New York, NY",1,0,0,0,0,0,1,1,0
461,69,116,92,47,ThreeBridge Solutions,3.5,"Alpharetta, GA","Minneapolis, MN",1,1,0,0,0,0,0,0,0
462,69,116,92,47,"Numeric, LLC",3.2,"Philadelphia, PA","Chadds Ford, PA",1,0,0,0,0,0,0,0,1
463,69,116,92,47,Dermalogica,3.8,"Carson, CA","Carson, CA",1,0,0,0,0,0,1,0,0
464,69,116,92,47,Centraprise,4.2,"Foster City, CA","Edison, NJ",1,0,0,0,0,0,0,0,0
465,69,116,92,47,TechProjects,4.8,"New York, NY","North Brunswick, NJ",1,0,0,0,0,1,1,0,0
466,69,116,92,47,DW Simpson,4.2,"Frederick, MD","Chicago, IL",1,0,0,0,0,0,1,0,0
467,31,56,43,25,Tempus Labs,3.3,"Chicago, IL","Chicago, IL",1,1,1,0,0,0,0,0,0
468,31,56,43,25,Grid Dynamics,4.0,"Santa Clara, CA","San Ramon, CA",1,0,0,0,0,0,1,0,1
469,31,56,43,25,7Park Data,3.9,"New York, NY","New York, NY",1,0,0,0,0,1,0,0,0
470,31,56,43,25,Protolabs,3.7,"Maple Plain, MN","Maple Plain, MN",0,0,0,0,0,0,0,0,0
471,31,56,43,25,LinQuest,3.9,"Colorado Springs, CO","Los Angeles, CA",1,0,0,0,0,0,1,1,0
472,31,56,43,25,Western Digital,3.5,"San Jose, CA","San Jose, CA",1,0,0,0,0,0,0,0,0
473,31,56,43,25,Trexquant Investment,4.0,United States,"Stamford, CT",1,0,0,0,0,0,0,0,0
474,31,56,43,25,Ameritas Life Insurance Corp,3.0,"Cincinnati, OH","Lincoln, NE",0,0,0,0,0,0,0,0,0
475,31,56,43,25,Fleetcor,3.7,"Atlanta, GA","Atlanta, GA",1,0,0,0,0,0,1,0,0
476,31,56,43,25,Radiant Digital,4.5,"Washington, DC","New York, NY",1,0,0,0,0,0,0,0,0
477,31,56,43,25,Child Care Aware of America,2.8,"Arlington, VA","Arlington, VA",1,0,0,0,0,0,0,0,0
478,31,56,43,25,IntelliPro Group Inc.,4.1,"Santa Clara, CA","Santa Clara, CA",1,0,0,0,0,0,0,0,0
479,31,56,43,25,Quest Integrity,2.9,"Tulsa, OK","Kent, WA",0,0,0,0,0,0,0,0,0
480,31,56,43,25,Praxis Engineering,4.7,"Chantilly, VA","Annapolis Junction, MD",0,0,0,0,0,0,0,0,1
481,31,56,43,25,USI,3.4,"Southfield, MI","Saint Paul, MN",1,0,0,0,0,0,0,1,0
482,31,56,43,25,Apex Systems,3.9,"San Francisco, CA","Glen Allen, VA",0,0,0,0,0,0,0,0,0
483,31,56,43,25,"Pragmatics, Inc.",2.9,United States,"Reston, VA",1,0,0,0,0,0,0,0,0
484,31,56,43,25,Johns Hopkins University Applied Physics Laboratory,4.5,"Laurel, MD","Laurel, MD",0,0,0,0,0,0,0,0,0
485,31,56,43,25,Cambridge Mobile Telematics,4.9,"Cambridge, MA","Cambridge, MA",1,0,0,0,0,0,0,0,0
486,31,56,43,25,Phoenix Operations Group,5.0,"Annapolis Junction, MD","Woodbine, MD",1,0,0,0,0,0,0,0,1
487,95,119,107,24,Tempus Labs,3.3,"Redwood City, CA","Chicago, IL",1,0,0,0,0,0,0,0,0
488,95,119,107,24,The Knot Worldwide,3.5,"Washington, DC","Chevy Chase, MD",1,0,0,0,0,0,0,0,0
489,95,119,107,24,Crossover Health,3.5,"San Clemente, CA","Aliso Viejo, CA",1,0,0,0,0,0,1,0,1
490,95,119,107,24,Lorven Technologies Inc,4.0,"New York, NY","Plainsboro, NJ",1,0,0,0,0,0,0,0,0
491,95,119,107,24,Nolij Consulting,3.9,"Falls Church, VA","Vienna, VA",1,0,0,0,0,0,1,0,0
492,95,119,107,24,Dice.com,3.4,"Newton, MA","Denver, CO",1,1,1,0,0,0,0,0,0
493,95,119,107,24,Gap Inc.,3.5,"San Francisco, CA","San Francisco, CA",1,1,0,0,0,0,0,0,1
494,95,119,107,24,"Tygart Technology, Inc",4.7,"Washington, DC","Fairmont, WV",1,0,0,0,0,0,0,0,1
495,95,119,107,24,Hatch Data Inc,0.0,"San Francisco, CA","San Francisco, CA",1,0,0,0,0,0,0,0,0
496,95,119,107,24,Hatch Data Inc,0.0,"San Francisco, CA","San Francisco, CA",1,0,0,0,0,0,0,0,0
497,95,119,107,24,Hatch Data Inc,0.0,"San Francisco, CA","San Francisco, CA",1,0,0,0,0,0,0,0,0
498,95,119,107,24,Hatch Data Inc,0.0,"San Francisco, CA","San Francisco, CA",1,0,0,0,0,0,0,0,0
499,95,119,107,24,Hatch Data Inc,0.0,"San Francisco, CA","San Francisco, CA",1,0,0,0,0,0,0,0,0
500,95,119,107,24,Hatch Data Inc,0.0,"San Francisco, CA","San Francisco, CA",1,0,0,0,0,0,0,0,0
501,95,119,107,24,Murray Resources,4.6,"The Woodlands, TX","Houston, TX",1,0,0,0,0,0,1,0,0
502,95,119,107,24,New York Technology Partners,4.0,"Seattle, WA","Jersey City, NJ",1,0,0,0,0,0,0,0,0
503,95,119,107,24,Two95 International Inc.,4.0,"Chicago, IL","Cherry Hill, NJ",1,0,0,0,0,0,0,0,0
504,95,119,107,24,Sophinea,0.0,"Chantilly, VA","Chantilly, VA",0,0,0,0,0,0,0,0,0
505,95,119,107,24,CRS Group,4.7,"Chicago, IL","Itasca, IL",0,0,0,0,0,0,0,0,0
506,95,119,107,24,Blackstone Talent Group,3.5,"San Francisco, CA","San Francisco, CA",1,0,0,0,0,0,0,0,0
507,95,119,107,24,Phoenix Operations Group,5.0,"Baltimore, MD","Woodbine, MD",1,0,0,0,0,0,0,0,1
508,212,331,271,119,Roche,4.1,"Pleasanton, CA","Basel, Switzerland",1,0,0,0,0,0,0,0,1
509,212,331,271,119,AstraZeneca,4.0,"Wilmington, DE","Cambridge, United Kingdom",1,0,0,0,0,0,0,0,0
510,212,331,271,119,Creative Circle,3.6,United States,"Los Angeles, CA",1,0,0,0,0,0,0,0,0
511,212,331,271,119,Blue Horizon Tek Solutions,5.0,"New York, NY","Coconut Creek, FL",1,0,0,0,0,0,0,0,0
512,212,331,271,119,Maxar Technologies,3.5,"Herndon, VA","Westminster, CO",1,0,0,0,0,0,0,0,1
513,212,331,271,119,Sharpedge Solutions Inc,4.7,"Seattle, WA","Lombard, IL",1,0,0,0,0,0,0,0,0
514,212,331,271,119,Maxar Technologies,3.5,"Herndon, VA","Westminster, CO",1,0,0,0,0,0,1,0,0
515,212,331,271,119,Alaka`ina Foundation Family of Companies,3.6,"Fort Sam Houston, TX","Honolulu, HI",1,0,0,0,0,0,0,0,0
516,212,331,271,119,Southwest Research Institute,3.9,"Oklahoma City, OK","San Antonio, TX",1,0,0,0,0,0,0,0,0
517,212,331,271,119,Hexagon US Federal,2.7,"Lexington Park, MD","Chantilly, VA",0,0,0,0,0,0,0,0,0
518,212,331,271,119,Klaviyo,4.8,"Boston, MA","Boston, MA",1,0,0,0,0,0,0,0,0
519,212,331,271,119,Monte Rosa Therapeutics,0.0,"Cambridge, MA","Cambridge, MA",0,0,0,0,0,0,0,0,0
520,212,331,271,119,Comtech Global Inc,4.0,"Washington, DC","Columbus, OH",1,0,0,0,0,0,1,1,0
521,212,331,271,119,"Aveshka, Inc.",3.8,"Washington, DC","Arlington, VA",1,0,0,0,0,0,0,0,1
522,212,331,271,119,10x Genomics,4.2,"Raleigh, NC","Pleasanton, CA",0,0,0,0,0,0,0,0,0
523,212,331,271,119,Southwest Research Institute,3.9,"Dayton, OH","San Antonio, TX",1,0,0,0,0,0,0,0,0
524,212,331,271,119,CompuForce,0.0,"New York, NY","New York, NY",0,0,0,0,0,0,0,0,1
525,212,331,271,119,Smith Hanley Associates,4.5,"Washington, DC","New York, 061",1,0,0,0,0,0,0,0,0
526,212,331,271,119,Allen Institute,3.5,"Seattle, WA","Seattle, WA",0,0,0,0,0,0,0,0,0
527,212,331,271,119,1-800-Flowers,2.7,"New York, NY","Carle Place, NY",1,0,0,0,0,0,1,0,0
528,212,331,271,119,Aptive,3.5,"Washington, DC","Alexandria, VA",1,0,0,0,0,0,1,1,0
529,66,112,89,46,The Mom Project,4.9,"Longmont, CO","Chicago, IL",1,1,0,0,0,0,0,0,0
530,66,112,89,46,Powertek,3.6,"Washington, DC","Rockville, MD",0,0,0,0,0,0,0,0,0
531,66,112,89,46,JCD Staffing,5.0,"Washington, DC","Germantown, MD",1,0,0,0,0,0,1,1,0
532,66,112,89,46,Bayside Solutions,3.1,"Sunnyvale, CA","Pleasanton, CA",1,0,0,0,0,0,1,0,0
533,66,112,89,46,Thumbtack,3.9,"San Francisco, CA","San Francisco, CA",1,0,0,0,0,0,0,0,0
534,66,112,89,46,"MILVETS Systems Technology, Inc.",3.4,"Patuxent, Anne Arundel, MD","Orlando, FL",0,0,0,0,0,0,0,0,0
535,66,112,89,46,Apple,4.1,"Santa Clara, CA","Cupertino, CA",0,0,0,0,0,0,0,0,0
536,66,112,89,46,Kforce,4.1,"Fairfax, VA","Tampa, FL",0,1,1,0,0,0,0,0,0
537,66,112,89,46,Evolve Vacation Rental,3.5,"Denver, CO","Denver, CO",1,0,0,0,0,0,0,0,0
538,66,112,89,46,The Buffalo Group,4.3,"Fort Belvoir, VA","Reston, VA",1,0,0,0,0,0,0,0,0
539,66,112,89,46,OppLoans,4.4,"Chicago, IL","Chicago, IL",1,0,0,0,0,0,0,0,0
540,66,112,89,46,AgreeYa Solutions,3.8,"Thousand Oaks, CA","Folsom, CA",1,0,0,0,0,0,0,0,0
541,66,112,89,46,Carolina Power & Light Co,3.7,"McLean, VA","Raleigh, NC",1,0,0,0,0,0,0,0,1
542,66,112,89,46,Southwest Research Institute,3.9,"San Antonio, TX","San Antonio, TX",1,0,0,0,0,0,0,0,0
543,66,112,89,46,Brillient,3.9,"Silver Spring, MD","Reston, VA",1,0,0,0,0,0,0,0,1
544,66,112,89,46,MassMutual,3.7,"Boston, MA","Springfield, MA",0,0,0,0,0,0,0,0,1
545,66,112,89,46,Xator Corporation,2.9,"Washington, DC","Reston, VA",0,0,0,0,0,0,0,0,0
546,66,112,89,46,HAN IT Staffing Inc.,4.6,"New York, NY","Totowa, NJ",1,0,0,0,0,0,0,0,1
547,66,112,89,46,Infinitive Inc,3.4,"McLean, VA","Cedar Rapids, IA",1,0,0,0,0,0,0,0,1
548,66,112,89,46,Travelers,4.0,"Hartford, CT","Hartford, CT",1,0,0,0,0,0,0,0,1
549,128,201,164,73,Amyris,3.3,"Emeryville, CA","Emeryville, CA",1,0,0,0,1,0,0,0,0
550,128,201,164,73,Lightspeed Systems,4.3,"Austin, TX","Austin, TX",1,1,0,0,0,0,0,0,0
551,128,201,164,73,Thumbtack,3.9,"San Francisco, CA","San Francisco, CA",1,0,0,0,0,0,0,0,0
552,128,201,164,73,Twitch,3.6,"San Francisco, CA","San Francisco, CA",1,0,0,0,0,0,1,0,0
553,128,201,164,73,New Relic,4.7,"Portland, OR","San Francisco, CA",1,0,0,0,0,0,0,0,0
554,128,201,164,73,Biogen,3.6,"Cambridge, MA","Cambridge, MA",0,0,0,0,0,0,0,0,0
555,128,201,164,73,HireAi,0.0,"San Francisco, CA","San Francisco, CA",1,0,0,0,0,0,1,0,0
556,128,201,164,73,Tempus Labs,3.3,"Redwood City, CA","Chicago, IL",1,1,1,0,0,0,0,0,0
557,128,201,164,73,ICW Group,3.3,"San Diego, CA","San Diego, CA",1,0,0,0,0,0,0,0,0
558,128,201,164,73,NYSTEC,3.8,"New York, NY","Rome, NY",1,0,0,0,0,0,0,0,0
559,128,201,164,73,E3 Federal Solutions,4.5,"Chantilly, VA","McLean, VA",0,0,0,0,0,0,0,0,1
560,128,201,164,73,Kingfisher Systems,4.5,"Falls Church, VA","Falls Church, VA",1,0,0,0,0,0,0,0,0
561,128,201,164,73,Peraton,3.4,"Chantilly, VA","Herndon, VA",1,0,0,0,0,0,0,0,1
562,128,201,164,73,Group O,3.1,"Chicago, IL","Milan, IL",1,0,0,0,0,0,0,0,0
563,128,201,164,73,Autodesk,4.0,"San Francisco, CA","San Rafael, CA",1,0,0,0,0,0,0,0,1
564,128,201,164,73,Tempus Labs,3.3,"Chicago, IL","Chicago, IL",0,1,1,0,0,0,0,0,0
565,128,201,164,73,CaptiveAire,4.1,"Raleigh, NC","Raleigh, NC",1,0,0,0,0,0,0,1,0
566,128,201,164,73,LSQ,4.2,"Orlando, FL","Orlando, FL",1,0,0,0,0,0,0,0,1
567,128,201,164,73,Temboo,3.9,"New York, NY","New York, NY",0,0,0,0,0,0,0,0,0
568,128,201,164,73,Kibo,0.0,"Philadelphia, PA","Marbella, Spain",1,0,0,0,0,0,0,0,0
569,128,201,164,73,MITRE,3.3,"McLean, VA","Bedford, MA",1,1,1,0,0,0,1,0,1
570,138,158,148,20,Mars,3.9,United States,"Mc Lean, VA",1,0,0,0,0,0,0,0,0
571,138,158,148,20,"Fullpower Technologies, Inc.",4.5,"Santa Cruz, CA","Santa Cruz, CA",1,1,1,0,0,0,0,0,1
572,138,158,148,20,AeroVironment,4.2,"Simi Valley, CA","Simi Valley, CA",1,1,0,0,0,1,0,0,1
573,138,158,148,20,Maxar Technologies,3.5,"Herndon, VA","Westminster, CO",1,0,0,0,0,0,0,0,0
574,138,158,148,20,Dynetics,4.0,"Huntsville, AL","Huntsville, AL",1,0,0,0,0,0,0,0,0
575,138,158,148,20,Systems & Technology Research,4.5,"Woburn, MA","Woburn, MA",0,0,0,0,0,0,0,0,0
576,138,158,148,20,Novetta,4.5,"Herndon, VA","Mc Lean, VA",1,0,0,0,0,0,0,0,0
577,138,158,148,20,Applied Research Laboratories,3.8,"Austin, TX","Austin, TX",1,0,0,0,0,0,0,0,0
578,138,158,148,20,Navy Federal Credit Union,3.9,"Merrifield, VA","Vienna, VA",0,0,0,0,0,1,1,1,0
579,138,158,148,20,Conagen,2.0,"New Bedford, MA","Bedford, MA",0,0,0,0,0,0,0,0,0
580,138,158,148,20,Alector,4.8,"South San Francisco, CA","South San Francisco, CA",0,0,0,0,0,0,0,0,0
581,138,158,148,20,Navy Federal Credit Union,3.9,"Merrifield, VA","Vienna, VA",0,0,0,0,0,1,1,1,0
582,138,158,148,20,Reynolds American,3.3,"Winston-Salem, NC","Winston-Salem, NC",0,0,0,0,0,0,0,0,0
583,138,158,148,20,MITRE,3.3,"Bedford, MA","Bedford, MA",1,0,0,0,0,0,0,0,1
584,138,158,148,20,LifeOmic,5.0,"Raleigh, NC","Indianapolis, IN",0,1,1,0,0,0,0,0,0
585,138,158,148,20,"Homology Medicines, Inc.",4.4,"New Bedford, MA","Bedford, MA",0,0,0,0,0,0,0,0,0
586,138,158,148,20,Spectrum Communications and Consulting,3.4,"Chicago, IL","Chicago, IL",1,0,0,0,0,1,0,0,0
587,138,158,148,20,Inland Empire Health Plan,3.3,"Rancho Cucamonga, CA","Rancho Cucamonga, CA",0,0,0,0,0,0,1,1,0
588,138,158,148,20,Affinity Solutions,2.9,"New York, NY","New York, NY",1,0,0,0,0,0,1,0,0
589,138,158,148,20,Sandia National Laboratories,3.8,"Livermore, CA","Albuquerque, NM",0,0,0,0,0,0,0,0,0
590,138,158,148,20,Maxar Technologies,3.5,"McLean, VA","Westminster, CO",1,0,0,0,0,0,0,0,0
591,80,132,106,52,AstraZeneca,4.0,"Gaithersburg, MD","Cambridge, United Kingdom",1,0,0,0,0,0,0,0,0
592,80,132,106,52,Autodesk,4.0,"San Francisco, CA","San Rafael, CA",1,1,0,0,0,0,0,0,1
593,80,132,106,52,USI,3.4,"Southfield, MI","Saint Paul, MN",1,0,0,0,0,0,0,1,0
594,80,132,106,52,GSK,3.9,"Collegeville, PA","Brentford, United Kingdom",1,0,0,0,0,0,1,0,0
595,80,132,106,52,CIA,3.8,"Washington, DC","Langley, VA",0,0,0,0,0,0,0,0,0
596,80,132,106,52,Maven Wave Partners,4.5,"Chicago, IL","Chicago, IL",1,0,0,0,0,0,1,0,0
597,80,132,106,52,Ovative Group,4.3,"Minneapolis, MN","Minneapolis, MN",1,0,0,0,0,0,0,0,0
598,80,132,106,52,Kognetics,3.6,"Gahanna, OH","New York, NY",1,0,0,0,0,0,0,0,0
599,80,132,106,52,Envision Healthcare,2.9,"Nashville, TN","Nashville, TN",1,0,0,0,0,0,1,0,1
600,80,132,106,52,"Pragmatics, Inc.",2.9,United States,"Reston, VA",1,0,0,0,0,0,0,0,0
601,80,132,106,52,ConsumerTrack,3.2,California,"Los Angeles, CA",1,0,0,0,0,0,1,0,0
602,80,132,106,52,Johns Hopkins University Applied Physics Laboratory,4.5,"Laurel, MD","Laurel, MD",0,0,0,0,0,0,0,0,0
603,80,132,106,52,Phoenix Operations Group,5.0,"Annapolis Junction, MD","Woodbine, MD",1,0,0,0,0,0,0,0,1
604,80,132,106,52,Crossover Health,3.5,"San Clemente, CA","Aliso Viejo, CA",1,0,0,0,0,0,1,0,1
605,80,132,106,52,Lorven Technologies Inc,4.0,"New York, NY","Plainsboro, NJ",1,0,0,0,0,0,0,0,0
606,80,132,106,52,Meridian Knowledge Solutions,4.4,"Washington, DC","Reston, VA",0,0,0,0,1,0,0,0,0
607,80,132,106,52,UST Global,4.2,"Atlanta, GA","Aliso Viejo, CA",1,0,0,0,0,0,0,0,1
608,80,132,106,52,IMG Systems,3.2,"Plano, TX","Plano, TX",1,0,0,0,0,0,0,0,0
609,80,132,106,52,Trident Systems Inc,3.4,"Fairfax, VA","Fairfax, VA",0,1,1,0,0,0,0,0,0
610,80,132,106,52,"Tygart Technology, Inc",4.7,"Washington, DC","Fairmont, WV",1,0,0,0,0,0,0,0,1
611,87,141,114,54,Merrick Bank,3.6,Utah,"South Jordan, UT",1,0,0,0,0,0,0,0,0
612,87,141,114,54,ManTech,4.2,"Alexandria, VA","Herndon, VA",1,0,0,0,0,0,1,0,1
613,87,141,114,54,"GrainBridge, LLC",0.0,"Omaha, NE","Omaha, NE",1,0,0,0,0,0,0,0,1
614,87,141,114,54,First Health Group,3.2,"Wellesley, MA","Bethesda, MD",0,0,0,0,0,0,0,0,0
615,87,141,114,54,Sprezzatura Management Consulting,0.0,"Washington, VA","McLean, VA",0,0,0,0,0,0,0,0,0
616,87,141,114,54,"Progress Rail, A Caterpillar Company",2.8,"Fort Worth, TX","Albertville, AL",1,0,0,0,0,0,0,0,0
617,87,141,114,54,UST Global,4.2,"Atlanta, GA","Aliso Viejo, CA",1,0,0,0,0,0,0,0,1
618,87,141,114,54,Axiologic Solutions,4.5,"Alexandria, VA","Fairfax, VA",0,0,0,0,0,0,0,0,0
619,87,141,114,54,Indigo Slate,3.0,"Bellevue, WA","Bellevue, WA",1,1,0,0,0,0,0,0,0
620,87,141,114,54,Cubic,3.3,United States,"San Diego, CA",1,0,0,0,0,0,0,0,0
621,87,141,114,54,Advanced Bio-Logic Solutions Corp,4.0,"Thousand Oaks, CA","Westlake Village, CA",1,0,0,0,0,0,0,0,0
622,87,141,114,54,Alignment Healthcare,3.5,"Orange, CA","Orange, CA",0,0,0,0,0,0,1,1,0
623,87,141,114,54,WGSN,3.5,"Baltimore, MD","New York, NY",1,0,0,0,0,0,1,0,0
624,87,141,114,54,"ISYS Technologies, Inc.",3.6,"Herndon, VA","Littleton, CO",1,0,0,0,0,0,1,0,0
625,87,141,114,54,TransVoyant,3.0,"Alexandria, VA","Alexandria, VA",0,0,0,0,0,0,0,0,0
626,87,141,114,54,Noblis,4.0,"Bridgeport, WV","Reston, VA",1,0,0,0,0,0,0,0,0
627,87,141,114,54,Murray Resources,4.6,"The Woodlands, TX","Houston, TX",1,0,0,0,0,0,1,0,0
628,87,141,114,54,Geotab,4.3,"Oakville, CA","Oakville, Canada",1,1,1,0,0,0,0,0,1
629,87,141,114,54,CRS Group,4.7,"Chicago, IL","Itasca, IL",0,0,0,0,0,0,0,0,0
630,87,141,114,54,EGlobalTech,3.7,"Arlington, VA","Vienna, VA",1,0,0,0,0,0,0,0,0
631,92,155,123,63,Mars,3.9,"New York, NY","Mc Lean, VA",1,0,0,0,0,0,0,0,0
632,92,155,123,63,Avlino,4.9,New Jersey,"Holmdel, NJ",1,1,0,0,0,0,0,0,1
633,92,155,123,63,"Central Business Solutions, Inc",3.0,"Seattle, WA","Fremont, CA",1,0,0,0,0,0,0,0,0
634,92,155,123,63,KeHE Distributors,2.5,"Naperville, IL","Naperville, IL",1,0,0,0,0,0,1,1,1
635,92,155,123,63,Blackstone Talent Group,3.5,"San Francisco, CA","San Francisco, CA",1,0,0,0,0,0,0,0,0
636,92,155,123,63,Phoenix Operations Group,5.0,"Baltimore, MD","Woodbine, MD",1,0,0,0,0,0,0,0,1
637,92,155,123,63,Sophinea,0.0,"Chantilly, VA","Chantilly, VA",0,0,0,0,0,0,0,0,0
638,92,155,123,63,Maxar Technologies,3.5,"Herndon, VA","Westminster, CO",1,0,0,0,0,0,0,0,1
639,92,155,123,63,Moxie Software,3.0,"Bellevue, WA","San Bruno, CA",1,0,0,0,0,0,0,0,0
640,92,155,123,63,Blue Horizon Tek Solutions,5.0,"New York, NY","Coconut Creek, FL",1,0,0,0,0,0,0,0,0
641,92,155,123,63,Unicom Technologies INC,4.7,"Chicago, IL","Naperville, IL",1,1,0,0,0,0,0,0,0
642,92,155,123,63,Americo Life,3.3,"Kansas City, MO","Kansas City, MO",1,0,0,0,0,0,0,0,0
643,92,155,123,63,Tokio Marine HCC,3.3,"Houston, TX","Houston, TX",1,0,0,0,0,0,0,0,0
644,92,155,123,63,CACI International,3.5,"Chantilly, VA","Arlington, VA",0,0,0,0,0,0,0,0,0
645,92,155,123,63,Apple,4.1,"Santa Clara, CA","Cupertino, CA",1,1,1,0,0,0,0,0,1
646,92,155,123,63,Maxar Technologies,3.5,"Herndon, VA","Westminster, CO",1,0,0,0,0,0,1,0,0
647,92,155,123,63,Southwest Research Institute,3.9,"Oklahoma City, OK","San Antonio, TX",1,0,0,0,0,0,0,0,0
648,92,155,123,63,Compass Consulting Group,4.7,"Thousand Oaks, CA","Danville, CA",1,0,0,0,0,0,0,0,0
649,92,155,123,63,Klaviyo,4.8,"Boston, MA","Boston, MA",1,0,0,0,0,0,0,0,0
650,92,155,123,63,Monte Rosa Therapeutics,0.0,"Cambridge, MA","Cambridge, MA",0,0,0,0,0,0,0,0,0
651,92,155,123,63,AstraZeneca,4.0,"Gaithersburg, MD","Cambridge, United Kingdom",1,0,0,0,1,0,0,0,0
652,105,167,136,62,GutCheck,3.8,"Denver, CO","Denver, CO",0,1,0,0,0,0,0,0,0
653,105,167,136,62,Juniper Networks,3.8,"Cupertino, CA","Sunnyvale, CA",1,1,0,0,0,0,0,0,0
654,105,167,136,62,Hexagon US Federal,2.7,"Lexington Park, MD","Chantilly, VA",0,0,0,0,0,0,0,0,0
655,105,167,136,62,Comtech Global Inc,4.0,"Washington, DC","Columbus, OH",1,0,0,0,0,0,1,1,0
656,105,167,136,62,Berico Technologies,0.0,"Fort Belvoir, VA","Fort Belvoir, VA",0,0,0,0,0,0,0,0,0
657,105,167,136,62,Kehe Food Distributors,0.0,"Naperville, IL","Naperville, IL",1,0,0,0,0,0,1,1,1
658,105,167,136,62,"Aveshka, Inc.",3.8,"Washington, DC","Arlington, VA",1,0,0,0,0,0,0,0,1
659,105,167,136,62,Perspecta,3.2,"Adelphi, MD","Chantilly, VA",1,0,0,0,0,0,0,0,1
660,105,167,136,62,Pactera Edge,0.0,"Redmond, WA","Redmond, WA",1,0,0,0,0,0,0,0,0
661,105,167,136,62,Qurate Retail Group,3.6,"West Chester, PA","West Chester, PA",1,0,0,0,0,0,1,0,0
662,105,167,136,62,"SolutionIT, Inc.",4.4,"Edison, NJ","Wilmington, MA",0,0,0,0,0,0,0,0,0
663,105,167,136,62,A-Line Staffing Solutions,4.1,"Durham, NC","Utica, MI",1,1,1,0,0,0,0,0,1
664,105,167,136,62,Clear Ridge Defense,0.0,"Quantico, VA","Baltimore, MD",1,0,0,0,0,0,0,0,0
665,105,167,136,62,"Criterion Systems, Inc.",3.8,"Vienna, VA","Vienna, VA",1,0,0,0,0,0,0,0,0
666,105,167,136,62,Foundation Medicine,4.0,"Boston, MA","Cambridge, MA",1,0,0,0,0,0,0,0,0
667,105,167,136,62,TRANZACT,3.6,"Fort Lee, NJ","Fort Lee, NJ",1,0,0,0,0,1,1,1,1
668,105,167,136,62,JKGT,0.0,"San Francisco, CA","San Francisco, CA",0,0,0,0,0,0,0,0,0
669,105,167,136,62,AccessHope,0.0,"Irwindale, CA","Irwindale, CA",1,0,0,0,0,0,1,1,0
670,105,167,136,62,ChaTeck Incorporated,5.0,"San Francisco, CA","Santa Clara, CA",1,1,1,0,0,0,0,0,1
671,105,167,136,62,1-800-Flowers,2.7,"New York, NY","Carle Place, NY",1,0,0,0,0,0,1,0,0
